{"timestamps": [1500087716.63811, 1500087966.44266, 1500088242.300743, 1500088472.834753, 1500088797.498461], "initial_reset_timestamp": 1500087460.0043, "episode_types": ["t", "t", "t", "t", "t", "t"], "episode_lengths": [1177, 1152, 1268, 1057, 1482], "episode_rewards": [-21.0, -21.0, -20.0, -21.0, -19.0]}