{"timestamps": [1500374412.016728, 1500374694.903252, 1500374992.872954, 1500375228.481887, 1500375468.015738, 1500375740.406743, 1500376012.434524, 1500376576.907568, 1500376834.896362, 1500377142.41031, 1500377377.232048, 1500377621.251868, 1500377909.994814, 1500378176.898048, 1500378770.335967, 1500379063.20283, 1500379292.64591, 1500379557.889037, 1500379844.471533, 1500380108.881941, 1500380366.782921, 1500381147.595797, 1500381400.14033, 1500381701.216592, 1500381977.898559, 1500382220.26137, 1500382455.850126, 1500382728.823531, 1500383378.539949, 1500383690.39919, 1500383956.193972, 1500384198.334533, 1500384483.507786, 1500384760.26737, 1500385010.134662, 1500385678.344516, 1500385981.996943, 1500386219.101048, 1500386494.028763, 1500386742.189577], "initial_reset_timestamp": 1500374177.802618, "episode_types": ["t", "t", "t", "t", "t", "t", "t", "t", "t", "t", "t", "t", "t", "t", "t", "t", "t", "t", "t", "t", "t", "t", "t", "t", "t", "t", "t", "t", "t", "t", "t", "t", "t", "t", "t", "t", "t", "t", "t", "t", "t"], "episode_lengths": [1068, 1286, 1363, 1089, 1106, 1258, 1250, 1174, 1169, 1378, 1046, 1095, 1308, 1212, 1058, 1314, 1035, 1195, 1294, 1195, 1163, 1310, 1139, 1356, 1250, 1097, 1068, 1239, 1101, 1398, 1198, 1092, 1288, 1251, 1131, 1336, 1376, 1078, 1240, 1131], "episode_rewards": [-21.0, -21.0, -18.0, -21.0, -21.0, -21.0, -19.0, -20.0, -21.0, -19.0, -21.0, -21.0, -21.0, -21.0, -21.0, -20.0, -21.0, -20.0, -20.0, -21.0, -20.0, -19.0, -21.0, -21.0, -20.0, -21.0, -21.0, -20.0, -21.0, -19.0, -20.0, -21.0, -21.0, -20.0, -20.0, -20.0, -19.0, -21.0, -19.0, -20.0]}