{"timestamps": [1500225692.007289, 1500225994.878332, 1500226238.206137, 1500226464.465402], "initial_reset_timestamp": 1500225450.140086, "episode_types": ["t", "t", "t", "t", "t"], "episode_lengths": [1086, 1389, 1092, 1016], "episode_rewards": [-21.0, -20.0, -21.0, -21.0]}