{"timestamps": [1501179260.672401, 1501179501.628616, 1501179838.487433, 1501180160.034114, 1501180435.055934, 1501180686.555894, 1501180930.654719, 1501181783.938865, 1501182027.847282, 1501182313.776563, 1501182576.680078, 1501182876.197234, 1501183120.489405, 1501183421.741139, 1501184237.776306, 1501184502.134009, 1501184752.637084, 1501185000.63474, 1501185228.070996, 1501185550.711392, 1501185786.301594, 1501186631.015732, 1501186912.780516, 1501187227.993834, 1501187467.400282, 1501187731.296044, 1501188020.167185, 1501188325.840793, 1501189236.744486, 1501189512.546135, 1501189788.653884, 1501190084.029405, 1501190350.17487, 1501190585.617662, 1501190859.576227, 1501191672.487924, 1501191938.611522, 1501192204.173759, 1501192462.403445, 1501192755.717847, 1501192999.606682, 1501193310.568861, 1501194165.363738, 1501194445.710806, 1501194774.925657, 1501195081.331725, 1501195341.922692, 1501195620.954999, 1501195854.590822, 1501196730.491635, 1501196980.1423, 1501197247.085835, 1501197484.46653, 1501197789.874377, 1501198043.252241, 1501198315.008154, 1501199220.311769, 1501199462.16219, 1501199714.111928, 1501200034.208652, 1501200280.344625, 1501200536.750001, 1501200773.651919, 1501201624.830262, 1501201925.055497, 1501202237.132106, 1501202505.245471, 1501202752.517915, 1501203051.032088, 1501203324.18718, 1501204169.961551, 1501204419.978688, 1501204665.276873, 1501204939.863725, 1501205227.84689, 1501205492.086248, 1501205751.931881, 1501206636.413683], "initial_reset_timestamp": 1501178975.081418, "episode_types": ["t", "t", "t", "t", "t", "t", "t", "t", "t", "t", "t", "t", "t", "t", "t", "t", "t", "t", "t", "t", "t", "t", "t", "t", "t", "t", "t", "t", "t", "t", "t", "t", "t", "t", "t", "t", "t", "t", "t", "t", "t", "t", "t", "t", "t", "t", "t", "t", "t", "t", "t", "t", "t", "t", "t", "t", "t", "t", "t", "t", "t", "t", "t", "t", "t", "t", "t", "t", "t", "t", "t", "t", "t", "t", "t", "t", "t", "t", "t"], "episode_lengths": [1295, 1093, 1518, 1447, 1242, 1132, 1099, 1316, 1091, 1275, 1175, 1339, 1094, 1349, 1268, 1180, 1114, 1105, 1015, 1439, 1053, 1150, 1251, 1394, 1063, 1173, 1286, 1362, 1265, 1239, 1236, 1324, 1185, 1057, 1230, 1121, 1194, 1187, 1156, 1313, 1093, 1394, 1339, 1250, 1462, 1364, 1163, 1246, 1045, 1302, 1114, 1186, 1056, 1360, 1131, 1212, 1319, 1077, 1117, 1425, 1095, 1142, 1057, 1227, 1348, 1394, 1200, 1107, 1336, 1224, 1303, 1123, 1096, 1226, 1288, 1183, 1163, 1352], "episode_rewards": [-19.0, -21.0, -18.0, -19.0, -20.0, -20.0, -21.0, -21.0, -21.0, -21.0, -21.0, -19.0, -21.0, -21.0, -19.0, -21.0, -21.0, -21.0, -21.0, -20.0, -21.0, -21.0, -19.0, -19.0, -21.0, -21.0, -19.0, -19.0, -19.0, -20.0, -21.0, -19.0, -20.0, -21.0, -21.0, -20.0, -21.0, -20.0, -21.0, -20.0, -21.0, -19.0, -20.0, -21.0, -19.0, -20.0, -21.0, -19.0, -21.0, -21.0, -21.0, -21.0, -21.0, -20.0, -21.0, -21.0, -21.0, -21.0, -20.0, -20.0, -21.0, -21.0, -21.0, -20.0, -19.0, -20.0, -20.0, -21.0, -20.0, -21.0, -21.0, -20.0, -21.0, -20.0, -20.0, -21.0, -21.0, -19.0]}