{"timestamps": [1500820903.32874, 1500821178.377328, 1500821444.145408, 1500821723.497509, 1500821964.698829, 1500822242.132113, 1500822521.764232, 1500823398.806091, 1500823688.607529, 1500824027.068541, 1500824275.835448, 1500824579.715097, 1500824827.731254, 1500825057.855022, 1500825938.73736, 1500826189.507957, 1500826490.461449, 1500826846.565038, 1500827100.582499, 1500827366.343586, 1500827656.567779, 1500828581.86109, 1500828921.63357, 1500829215.732638, 1500829496.204232, 1500829800.635906, 1500830060.835916, 1500830338.449913], "initial_reset_timestamp": 1500820588.654904, "episode_types": ["t", "t", "t", "t", "t", "t", "t", "t", "t", "t", "t", "t", "t", "t", "t", "t", "t", "t", "t", "t", "t", "t", "t", "t", "t", "t", "t", "t", "t"], "episode_lengths": [1442, 1259, 1215, 1276, 1103, 1265, 1274, 1174, 1314, 1535, 1129, 1378, 1127, 1046, 1125, 1133, 1359, 1611, 1151, 1206, 1317, 1155, 1530, 1327, 1265, 1376, 1177, 1257], "episode_rewards": [-19.0, -19.0, -21.0, -20.0, -21.0, -21.0, -20.0, -21.0, -19.0, -18.0, -20.0, -21.0, -21.0, -21.0, -21.0, -20.0, -20.0, -16.0, -20.0, -20.0, -20.0, -21.0, -19.0, -21.0, -21.0, -19.0, -21.0, -20.0]}