{"timestamps": [1501165028.591852, 1501165283.033599, 1501165574.36238, 1501165821.079732, 1501166084.266566, 1501166331.406288, 1501166600.89484, 1501167384.570766, 1501167628.426274, 1501167884.041779, 1501168147.718022, 1501168420.988533, 1501168704.631747, 1501168980.827942, 1501169762.317683], "initial_reset_timestamp": 1501164779.374938, "episode_types": ["t", "t", "t", "t", "t", "t", "t", "t", "t", "t", "t", "t", "t", "t", "t", "t"], "episode_lengths": [1132, 1159, 1324, 1121, 1196, 1120, 1224, 1120, 1097, 1150, 1189, 1233, 1282, 1254, 1255], "episode_rewards": [-21.0, -20.0, -20.0, -20.0, -20.0, -20.0, -21.0, -20.0, -21.0, -21.0, -21.0, -20.0, -21.0, -21.0, -21.0]}