{"timestamps": [1500290539.735228, 1500290762.88416, 1500291009.670469, 1500291324.318696, 1500291622.890676, 1500291853.168493, 1500292128.033152, 1500292461.213601, 1500292736.104933, 1500293031.323914, 1500293316.628109, 1500293595.710687, 1500293843.218818, 1500294089.346217, 1500294478.60064, 1500294720.815357, 1500294990.226513], "initial_reset_timestamp": 1500290236.212615, "episode_types": ["t", "t", "t", "t", "t", "t", "t", "t", "t", "t", "t", "t", "t", "t", "t", "t", "t", "t"], "episode_lengths": [1379, 1008, 1108, 1411, 1339, 1036, 1237, 1078, 1237, 1320, 1282, 1255, 1113, 1106, 1260, 1129, 1239], "episode_rewards": [-21.0, -21.0, -21.0, -20.0, -19.0, -21.0, -19.0, -21.0, -20.0, -20.0, -19.0, -21.0, -21.0, -21.0, -19.0, -21.0, -21.0]}