{"timestamps": [1500082169.044047, 1500082440.668155, 1500082693.079721, 1500082975.466217, 1500083215.339239, 1500083472.530413, 1500083776.7563, 1500084193.614067, 1500084531.5721, 1500084773.025152, 1500085053.612274, 1500085322.44207, 1500085559.844253, 1500085839.41073, 1500086281.470365, 1500086556.6199, 1500086809.365824, 1500087074.964935], "initial_reset_timestamp": 1500081923.47207, "episode_types": ["t", "t", "t", "t", "t", "t", "t", "t", "t", "t", "t", "t", "t", "t", "t", "t", "t", "t", "t"], "episode_lengths": [1123, 1258, 1167, 1302, 1090, 1190, 1407, 1220, 1564, 1118, 1299, 1245, 1100, 1295, 1256, 1273, 1170, 1196], "episode_rewards": [-20.0, -19.0, -21.0, -21.0, -21.0, -21.0, -20.0, -21.0, -18.0, -21.0, -19.0, -20.0, -21.0, -20.0, -19.0, -20.0, -20.0, -20.0]}