{"timestamps": [1501665947.115476, 1501666169.721521, 1501666417.245775, 1501666655.410323, 1501666944.925829, 1501667164.010297, 1501667453.066833, 1501667661.785056, 1501668220.392462, 1501668484.985819, 1501668756.369163, 1501669056.552778, 1501669361.111671, 1501669609.268823, 1501669876.510023, 1501670492.500216, 1501670736.635152, 1501670984.890145, 1501671258.664038, 1501671476.038271, 1501671781.700657, 1501672046.279048, 1501672326.359848, 1501673157.819409, 1501673426.273216, 1501673681.794768, 1501674003.259702, 1501674247.817, 1501674527.374026, 1501674776.996467, 1501675581.858946, 1501675852.970072, 1501676115.012835, 1501676328.378938, 1501676573.229757, 1501676797.294071, 1501677031.490442, 1501677241.725631, 1501677921.651617, 1501678162.669515, 1501678440.473183, 1501678752.474359, 1501678993.016606, 1501679246.543261, 1501679490.478651, 1501680229.823792, 1501680549.158109, 1501680808.466799, 1501681086.78936, 1501681359.896322, 1501681608.915905, 1501681866.861307, 1501682637.753836, 1501682924.243636, 1501683218.565966, 1501683516.377853, 1501683735.237894, 1501683991.639133, 1501684217.742268, 1501684900.503839, 1501685126.639619, 1501685421.422378, 1501685743.437528, 1501685994.708558, 1501686310.369937, 1501686569.859765, 1501687286.466791, 1501687531.153112, 1501687820.031126, 1501688100.417256, 1501688336.053141, 1501688605.223494, 1501688827.440561, 1501689176.449813, 1501689979.006051, 1501690232.52094, 1501690508.886726, 1501690756.23455, 1501691006.336856, 1501691248.700718, 1501691505.506169, 1501691740.099136, 1501692505.5545, 1501692755.522679, 1501693008.983404, 1501693267.62027, 1501693505.572285, 1501693742.337331, 1501694044.166599, 1501694833.933182, 1501695137.966937, 1501695371.421638, 1501695683.461077, 1501695896.902129, 1501696175.417345, 1501696418.948833, 1501697242.663343, 1501697495.208792, 1501697768.637116, 1501698011.358733], "initial_reset_timestamp": 1501665696.308287, "episode_types": ["t", "t", "t", "t", "t", "t", "t", "t", "t", "t", "t", "t", "t", "t", "t", "t", "t", "t", "t", "t", "t", "t", "t", "t", "t", "t", "t", "t", "t", "t", "t", "t", "t", "t", "t", "t", "t", "t", "t", "t", "t", "t", "t", "t", "t", "t", "t", "t", "t", "t", "t", "t", "t", "t", "t", "t", "t", "t", "t", "t", "t", "t", "t", "t", "t", "t", "t", "t", "t", "t", "t", "t", "t", "t", "t", "t", "t", "t", "t", "t", "t", "t", "t", "t", "t", "t", "t", "t", "t", "t", "t", "t", "t", "t", "t", "t", "t", "t", "t", "t", "t"], "episode_lengths": [1205, 1077, 1195, 1150, 1397, 1056, 1395, 1007, 1077, 1228, 1250, 1390, 1407, 1152, 1239, 1129, 1141, 1156, 1270, 1013, 1422, 1163, 1259, 1620, 1166, 1167, 1357, 1129, 1265, 1112, 1375, 1293, 1250, 1029, 1182, 1082, 1131, 1016, 1277, 1108, 1281, 1433, 1095, 1193, 1140, 1165, 1515, 1257, 1351, 1328, 1209, 1253, 1330, 1388, 1424, 1443, 1062, 1245, 1098, 1133, 1095, 1423, 1516, 1179, 1445, 1240, 1102, 1130, 1349, 1318, 1109, 1266, 1055, 1662, 1267, 1170, 1250, 1150, 1201, 1165, 1234, 1131, 1299, 1197, 1216, 1242, 1144, 1140, 1452, 1556, 1458, 1118, 1498, 1027, 1339, 1174, 1557, 1213, 1312, 1166], "episode_rewards": [-20.0, -21.0, -21.0, -21.0, -20.0, -21.0, -21.0, -21.0, -21.0, -21.0, -21.0, -20.0, -19.0, -21.0, -21.0, -21.0, -21.0, -21.0, -20.0, -21.0, -20.0, -20.0, -21.0, -17.0, -21.0, -21.0, -18.0, -21.0, -20.0, -21.0, -19.0, -20.0, -20.0, -21.0, -21.0, -21.0, -21.0, -21.0, -21.0, -21.0, -21.0, -19.0, -21.0, -20.0, -20.0, -20.0, -19.0, -19.0, -19.0, -19.0, -21.0, -21.0, -20.0, -20.0, -20.0, -18.0, -21.0, -20.0, -21.0, -21.0, -21.0, -19.0, -18.0, -20.0, -19.0, -20.0, -21.0, -21.0, -21.0, -20.0, -21.0, -21.0, -21.0, -20.0, -21.0, -21.0, -20.0, -20.0, -21.0, -21.0, -21.0, -21.0, -20.0, -20.0, -20.0, -21.0, -21.0, -21.0, -20.0, -19.0, -19.0, -20.0, -19.0, -21.0, -21.0, -20.0, -20.0, -21.0, -19.0, -21.0]}