{"timestamps": [1501207037.916594, 1501207263.895011, 1501207530.208393, 1501207781.141575, 1501208083.254129, 1501208357.711288, 1501208600.151959, 1501208863.828036, 1501209105.104701, 1501209383.681712, 1501209694.706843, 1501209941.494069, 1501210199.211906, 1501210440.819788, 1501210758.90292, 1501211033.461888, 1501211295.372026, 1501211547.121772, 1501211831.535235, 1501212077.985895, 1501212379.871216, 1501212674.562109, 1501212935.11674, 1501213214.795314, 1501213462.07988, 1501213789.442047, 1501214029.071804, 1501214273.371116, 1501214624.747263, 1501214881.962744], "initial_reset_timestamp": 1501206771.427815, "episode_types": ["t", "t", "t", "t", "t", "t", "t", "t", "t", "t", "t", "t", "t", "t", "t", "t", "t", "t", "t", "t", "t", "t", "t", "t", "t", "t", "t", "t", "t", "t", "t"], "episode_lengths": [1222, 1028, 1203, 1135, 1367, 1241, 1097, 1137, 1087, 1258, 1406, 1114, 1164, 1090, 1318, 1243, 1186, 1140, 1291, 1095, 1310, 1104, 1163, 1267, 1116, 1480, 1082, 1097, 1292, 1130], "episode_rewards": [-20.0, -21.0, -20.0, -21.0, -19.0, -20.0, -21.0, -21.0, -21.0, -21.0, -19.0, -20.0, -21.0, -21.0, -20.0, -20.0, -21.0, -20.0, -21.0, -21.0, -20.0, -21.0, -21.0, -20.0, -20.0, -19.0, -21.0, -21.0, -20.0, -20.0]}