{"timestamps": [1500089812.29485, 1500090148.36031, 1500090445.731174, 1500090739.642571, 1500090992.858865, 1500091265.7689, 1500091533.341047, 1500092048.082281, 1500092328.92856, 1500092568.228507, 1500092821.906781, 1500093063.917749, 1500093321.921298, 1500093577.675448, 1500094181.33209, 1500094439.10326, 1500094679.460197, 1500094982.034698], "initial_reset_timestamp": 1500089544.753693, "episode_types": ["t", "t", "t", "t", "t", "t", "t", "t", "t", "t", "t", "t", "t", "t", "t", "t", "t", "t", "t"], "episode_lengths": [1221, 1543, 1366, 1351, 1147, 1247, 1232, 1325, 1293, 1102, 1168, 1114, 1192, 1176, 1671, 1187, 1107, 1394], "episode_rewards": [-20.0, -18.0, -20.0, -20.0, -20.0, -20.0, -21.0, -19.0, -21.0, -21.0, -21.0, -21.0, -21.0, -20.0, -20.0, -20.0, -20.0, -19.0]}