{"timestamps": [1500352004.862002, 1500352300.125468, 1500352560.797392, 1500352812.951315, 1500353053.697058, 1500353321.044596, 1500353546.778197, 1500353792.080335, 1500354518.675319, 1500354810.85999], "initial_reset_timestamp": 1500351757.752896, "episode_types": ["t", "t", "t", "t", "t", "t", "t", "t", "t", "t", "t"], "episode_lengths": [1117, 1343, 1178, 1138, 1087, 1207, 1019, 1107, 1213, 1263], "episode_rewards": [-21.0, -20.0, -21.0, -21.0, -21.0, -21.0, -21.0, -21.0, -20.0, -19.0]}