{"timestamps": [1500395884.988759, 1500396150.037498, 1500396401.573559, 1500396632.055029, 1500396905.411727, 1500397167.504214, 1500397399.424572, 1500397630.522268, 1500398220.647674, 1500398466.375915, 1500398820.01807, 1500399093.848062, 1500399369.064854, 1500399619.988466, 1500399871.977022, 1500400532.484933, 1500400853.523752, 1500401115.337848, 1500401352.374973, 1500401657.560055, 1500401918.16689, 1500402154.910893, 1500402750.256548, 1500403002.43656, 1500403277.45655, 1500403538.160408, 1500403834.327423, 1500404059.996602, 1500404323.600083, 1500404960.469999, 1500405205.094102, 1500405455.888874, 1500405760.123828, 1500406004.349373, 1500406244.702333, 1500406502.41255, 1500406756.587886, 1500407350.596125, 1500407665.500563, 1500407944.419168], "initial_reset_timestamp": 1500395622.312281, "episode_types": ["t", "t", "t", "t", "t", "t", "t", "t", "t", "t", "t", "t", "t", "t", "t", "t", "t", "t", "t", "t", "t", "t", "t", "t", "t", "t", "t", "t", "t", "t", "t", "t", "t", "t", "t", "t", "t", "t", "t", "t", "t"], "episode_lengths": [1176, 1180, 1107, 1041, 1232, 1178, 1050, 1037, 1214, 1120, 1615, 1257, 1268, 1157, 1163, 1327, 1474, 1203, 1091, 1404, 1195, 1097, 1249, 1153, 1275, 1187, 1350, 1029, 1212, 1026, 1128, 1152, 1400, 1127, 1105, 1190, 1174, 1244, 1457, 1283], "episode_rewards": [-21.0, -20.0, -21.0, -21.0, -20.0, -20.0, -21.0, -21.0, -21.0, -20.0, -19.0, -21.0, -20.0, -20.0, -21.0, -20.0, -19.0, -20.0, -21.0, -19.0, -20.0, -21.0, -19.0, -20.0, -19.0, -20.0, -19.0, -21.0, -20.0, -21.0, -21.0, -21.0, -19.0, -20.0, -21.0, -20.0, -21.0, -20.0, -18.0, -20.0]}