{"timestamps": [1501092172.92494, 1501092474.250712, 1501092758.024224, 1501093006.069234, 1501093274.888038, 1501093598.896804, 1501093856.636837, 1501094708.604534, 1501094970.114843, 1501095235.181267, 1501095483.252656, 1501095766.216324, 1501096035.532678, 1501096366.520752, 1501097153.830871, 1501097435.322042, 1501097680.680162, 1501097974.699171, 1501098218.249205, 1501098478.719067, 1501098743.827781, 1501099644.597159, 1501099929.956394, 1501100192.935554, 1501100421.876604, 1501100693.996553, 1501100953.189802, 1501101193.708434, 1501102132.639536, 1501102420.98902, 1501102679.142771, 1501102973.149016, 1501103262.657196, 1501103513.946692, 1501103742.900332, 1501104535.907959, 1501104778.12223, 1501105046.472683, 1501105295.548653, 1501105567.216301, 1501105827.446871, 1501106091.285731, 1501106402.155064, 1501107218.921421, 1501107486.819673, 1501107766.273103, 1501108006.985675, 1501108254.324767, 1501108496.235961, 1501108747.128441, 1501109014.664489, 1501109886.310516, 1501110148.457526, 1501110412.63442, 1501110684.451243, 1501110951.436109, 1501111208.382006, 1501111433.570167, 1501112364.050317, 1501112615.718575, 1501112870.583634, 1501113095.220631, 1501113320.153945, 1501113609.765565, 1501113877.69339, 1501114790.810606, 1501115046.260296, 1501115291.490726, 1501115589.350362, 1501115897.872464, 1501116216.219027, 1501116480.529796, 1501117282.839209, 1501117593.629112, 1501117923.234255, 1501118181.460268, 1501118433.155907, 1501118681.042093, 1501118925.736151, 1501119846.226709, 1501120121.883603, 1501120391.280372, 1501120642.501421, 1501120934.37947, 1501121203.606646, 1501121477.231265, 1501122458.728334, 1501122685.378363, 1501122932.162705, 1501123219.790771, 1501123480.845935, 1501123729.024356, 1501124010.684267, 1501124794.406067, 1501125065.079378, 1501125312.163428, 1501125592.708545, 1501125839.620488, 1501126113.468981, 1501126430.559562], "initial_reset_timestamp": 1501091829.512316, "episode_types": ["t", "t", "t", "t", "t", "t", "t", "t", "t", "t", "t", "t", "t", "t", "t", "t", "t", "t", "t", "t", "t", "t", "t", "t", "t", "t", "t", "t", "t", "t", "t", "t", "t", "t", "t", "t", "t", "t", "t", "t", "t", "t", "t", "t", "t", "t", "t", "t", "t", "t", "t", "t", "t", "t", "t", "t", "t", "t", "t", "t", "t", "t", "t", "t", "t", "t", "t", "t", "t", "t", "t", "t", "t", "t", "t", "t", "t", "t", "t", "t", "t", "t", "t", "t", "t", "t", "t", "t", "t", "t", "t", "t", "t", "t", "t", "t", "t", "t", "t", "t", "t"], "episode_lengths": [1558, 1361, 1282, 1117, 1204, 1451, 1158, 1111, 1170, 1187, 1112, 1270, 1211, 1489, 1056, 1255, 1094, 1313, 1090, 1168, 1190, 1325, 1271, 1172, 1023, 1217, 1161, 1078, 1326, 1298, 1161, 1323, 1303, 1131, 1032, 1117, 1093, 1210, 1124, 1226, 1175, 1192, 1404, 1210, 1206, 1256, 1083, 1113, 1089, 1130, 1205, 1260, 1175, 1182, 1219, 1197, 1154, 1012, 1363, 1126, 1139, 1006, 1009, 1299, 1203, 1592, 1138, 1094, 1331, 1380, 1426, 1185, 1241, 1399, 1483, 1162, 1133, 1117, 1102, 1190, 1249, 1212, 1131, 1314, 1213, 1230, 1424, 1017, 1104, 1286, 1168, 1112, 1263, 1129, 1206, 1101, 1255, 1106, 1227, 1421], "episode_rewards": [-20.0, -19.0, -21.0, -20.0, -21.0, -18.0, -20.0, -21.0, -21.0, -20.0, -21.0, -21.0, -21.0, -20.0, -21.0, -20.0, -21.0, -20.0, -21.0, -21.0, -20.0, -20.0, -21.0, -20.0, -21.0, -21.0, -20.0, -21.0, -19.0, -20.0, -21.0, -19.0, -19.0, -21.0, -21.0, -21.0, -21.0, -21.0, -20.0, -20.0, -21.0, -20.0, -19.0, -20.0, -20.0, -20.0, -21.0, -21.0, -21.0, -20.0, -20.0, -19.0, -21.0, -20.0, -21.0, -21.0, -21.0, -21.0, -19.0, -20.0, -21.0, -21.0, -21.0, -20.0, -20.0, -18.0, -20.0, -21.0, -20.0, -19.0, -19.0, -20.0, -20.0, -20.0, -20.0, -21.0, -21.0, -21.0, -21.0, -21.0, -20.0, -21.0, -21.0, -21.0, -20.0, -20.0, -19.0, -21.0, -21.0, -20.0, -21.0, -20.0, -21.0, -21.0, -21.0, -21.0, -20.0, -21.0, -21.0, -19.0]}