{"timestamps": [1501141464.049751, 1501141688.487715, 1501141963.5323, 1501142267.244843, 1501142575.13901, 1501142901.865778, 1501143158.091182, 1501143911.233199, 1501144204.964723, 1501144429.154212, 1501144703.383984, 1501144955.53803, 1501145227.650421, 1501145547.560136, 1501146289.244765, 1501146577.916722, 1501146899.638624, 1501147143.364559, 1501147445.422012], "initial_reset_timestamp": 1501141205.424527, "episode_types": ["t", "t", "t", "t", "t", "t", "t", "t", "t", "t", "t", "t", "t", "t", "t", "t", "t", "t", "t", "t"], "episode_lengths": [1175, 1017, 1242, 1371, 1384, 1463, 1139, 1173, 1323, 1011, 1245, 1145, 1244, 1430, 1191, 1246, 1402, 1111, 1378], "episode_rewards": [-21.0, -21.0, -21.0, -19.0, -21.0, -19.0, -21.0, -20.0, -19.0, -21.0, -19.0, -21.0, -20.0, -20.0, -21.0, -20.0, -19.0, -21.0, -19.0]}