{"timestamps": [1500197010.544549, 1500197352.065108, 1500197583.796635, 1500197816.12192, 1500198067.618601, 1500198360.193976, 1500198625.489015, 1500199225.860121, 1500199548.464088, 1500199791.759727, 1500200061.611776, 1500200345.919329, 1500200616.536808, 1500200867.450665, 1500201506.814229, 1500201819.610633, 1500202095.523788, 1500202381.030076, 1500202622.791828, 1500202886.080992, 1500203119.71681, 1500203764.587765, 1500204030.782505, 1500204289.595247, 1500204608.449282, 1500204910.639764, 1500205171.086873, 1500205429.964589, 1500206061.860691, 1500206347.447886, 1500206594.325836, 1500206837.253248, 1500207145.173752, 1500207408.937134, 1500207683.867804, 1500208342.308955, 1500208578.038069, 1500208827.833179, 1500209071.356216, 1500209355.173543, 1500209624.805212, 1500209921.430358], "initial_reset_timestamp": 1500196727.131139, "episode_types": ["t", "t", "t", "t", "t", "t", "t", "t", "t", "t", "t", "t", "t", "t", "t", "t", "t", "t", "t", "t", "t", "t", "t", "t", "t", "t", "t", "t", "t", "t", "t", "t", "t", "t", "t", "t", "t", "t", "t", "t", "t", "t", "t"], "episode_lengths": [1263, 1511, 1013, 1022, 1105, 1289, 1166, 1128, 1425, 1088, 1211, 1275, 1214, 1128, 1128, 1393, 1243, 1291, 1092, 1192, 1058, 1139, 1205, 1178, 1445, 1369, 1181, 1175, 1081, 1292, 1105, 1097, 1390, 1201, 1252, 1171, 1054, 1130, 1100, 1287, 1225, 1347], "episode_rewards": [-19.0, -19.0, -21.0, -21.0, -21.0, -21.0, -21.0, -20.0, -19.0, -21.0, -20.0, -20.0, -21.0, -21.0, -21.0, -20.0, -20.0, -21.0, -21.0, -20.0, -21.0, -20.0, -21.0, -21.0, -20.0, -20.0, -21.0, -21.0, -21.0, -21.0, -21.0, -21.0, -21.0, -20.0, -20.0, -20.0, -21.0, -21.0, -21.0, -20.0, -21.0, -20.0]}