{"timestamps": [1500304630.321091, 1500304863.558923, 1500305146.568044, 1500305400.214977, 1500305696.717928, 1500305940.808557, 1500306204.644846, 1500306572.940366, 1500306837.437044, 1500307100.533443, 1500307358.369261, 1500307606.756658, 1500307915.997553, 1500308195.51162, 1500308551.682714, 1500308940.027309, 1500309260.526502, 1500309512.034529, 1500309762.665746, 1500310011.593074, 1500310262.013689, 1500310679.883801, 1500310979.197956, 1500311205.841158, 1500311514.994134, 1500311793.56127, 1500312044.675847, 1500312336.408639, 1500312729.630566, 1500313063.955174, 1500313353.361834, 1500313619.896131, 1500313878.085013, 1500314131.894237, 1500314371.437515, 1500314812.343098, 1500315068.27846, 1500315329.020866, 1500315598.055765, 1500315853.94735, 1500316115.177153, 1500316383.922736, 1500316835.80893, 1500317120.391858, 1500317364.184442, 1500317611.34837, 1500317854.726971, 1500318089.658814, 1500318324.032225, 1500318568.035974, 1500319031.321055, 1500319305.816179, 1500319548.040877, 1500319794.117672, 1500320015.375721, 1500320250.502696, 1500320484.142177, 1500320760.692079, 1500321170.70931, 1500321391.563196, 1500321639.520444, 1500321890.32871, 1500322126.932829, 1500322348.925998, 1500322567.737797, 1500322793.152264, 1500323306.280051, 1500323562.035935, 1500323818.571801, 1500324061.00137, 1500324371.915948, 1500324611.019046, 1500324851.086951, 1500325121.989076, 1500325575.70639, 1500325839.626741, 1500326084.909375, 1500326328.841517, 1500326572.028261, 1500326833.195545, 1500327113.850152, 1500327400.496069, 1500327939.730525, 1500328209.269802, 1500328445.104341, 1500328691.548387, 1500328909.337057, 1500329184.061084, 1500329465.507839, 1500329767.887814, 1500330282.699571, 1500330557.570284, 1500330840.244579, 1500331097.068142, 1500331390.518414, 1500331615.638731, 1500331896.237767, 1500332479.595198, 1500332732.136546, 1500333027.761998, 1500333301.177447, 1500333531.80708, 1500333792.618855, 1500334038.79432, 1500334662.062434, 1500334923.551828, 1500335179.226026, 1500335448.87688, 1500335676.724338, 1500335913.714717, 1500336180.350777, 1500336447.88822, 1500337027.144364, 1500337290.1445, 1500337536.472948, 1500337785.352126, 1500338017.741801, 1500338237.638723, 1500338492.738899, 1500338766.930188, 1500339331.32564, 1500339607.952108, 1500339875.545621, 1500340118.667818, 1500340371.314656, 1500340606.743614, 1500340842.790142, 1500341079.295142, 1500341801.371071, 1500342039.350046], "initial_reset_timestamp": 1500304379.693878, "episode_types": ["t", "t", "t", "t", "t", "t", "t", "t", "t", "t", "t", "t", "t", "t", "t", "t", "t", "t", "t", "t", "t", "t", "t", "t", "t", "t", "t", "t", "t", "t", "t", "t", "t", "t", "t", "t", "t", "t", "t", "t", "t", "t", "t", "t", "t", "t", "t", "t", "t", "t", "t", "t", "t", "t", "t", "t", "t", "t", "t", "t", "t", "t", "t", "t", "t", "t", "t", "t", "t", "t", "t", "t", "t", "t", "t", "t", "t", "t", "t", "t", "t", "t", "t", "t", "t", "t", "t", "t", "t", "t", "t", "t", "t", "t", "t", "t", "t", "t", "t", "t", "t", "t", "t", "t", "t", "t", "t", "t", "t", "t", "t", "t", "t", "t", "t", "t", "t", "t", "t", "t", "t", "t", "t", "t", "t", "t", "t", "t", "t", "t", "t"], "episode_lengths": [1130, 1045, 1268, 1146, 1335, 1090, 1182, 1173, 1196, 1199, 1170, 1132, 1396, 1258, 1047, 1726, 1422, 1116, 1118, 1108, 1127, 1223, 1342, 1021, 1384, 1247, 1139, 1306, 1177, 1519, 1284, 1142, 1117, 1168, 1108, 1121, 1187, 1222, 1268, 1204, 1225, 1266, 1398, 1339, 1148, 1164, 1146, 1106, 1104, 1149, 1385, 1294, 1139, 1158, 1041, 1106, 1099, 1300, 1062, 1049, 1169, 1178, 1098, 1024, 1010, 1041, 1142, 1181, 1184, 1119, 1437, 1107, 1117, 1263, 1065, 1220, 1134, 1127, 1124, 1206, 1295, 1322, 1054, 1255, 1096, 1145, 1018, 1285, 1317, 1414, 1281, 1289, 1327, 1205, 1378, 1057, 1316, 1188, 1169, 1362, 1263, 1071, 1206, 1135, 1212, 1215, 1180, 1243, 1053, 1095, 1229, 1232, 1028, 1226, 1143, 1155, 1081, 1024, 1193, 1280, 1123, 1279, 1241, 1132, 1178, 1100, 1101, 1106, 1350, 1070], "episode_rewards": [-21.0, -21.0, -20.0, -21.0, -19.0, -21.0, -21.0, -21.0, -21.0, -21.0, -20.0, -21.0, -18.0, -20.0, -21.0, -16.0, -19.0, -21.0, -20.0, -21.0, -20.0, -21.0, -20.0, -21.0, -19.0, -21.0, -21.0, -20.0, -21.0, -18.0, -20.0, -21.0, -20.0, -20.0, -21.0, -20.0, -20.0, -21.0, -19.0, -21.0, -20.0, -20.0, -20.0, -20.0, -20.0, -20.0, -21.0, -20.0, -21.0, -21.0, -18.0, -20.0, -20.0, -21.0, -21.0, -21.0, -20.0, -20.0, -21.0, -21.0, -20.0, -21.0, -21.0, -21.0, -21.0, -21.0, -21.0, -20.0, -21.0, -21.0, -20.0, -20.0, -21.0, -21.0, -21.0, -21.0, -20.0, -21.0, -20.0, -21.0, -20.0, -21.0, -21.0, -19.0, -21.0, -20.0, -21.0, -21.0, -19.0, -18.0, -21.0, -20.0, -21.0, -21.0, -20.0, -21.0, -20.0, -20.0, -21.0, -19.0, -20.0, -21.0, -20.0, -21.0, -20.0, -21.0, -21.0, -20.0, -21.0, -21.0, -20.0, -19.0, -21.0, -21.0, -21.0, -20.0, -21.0, -21.0, -21.0, -20.0, -21.0, -20.0, -20.0, -21.0, -21.0, -21.0, -21.0, -21.0, -20.0, -21.0]}