{"timestamps": [1501263788.952306, 1501264105.204673, 1501264414.604527, 1501264661.199785, 1501264902.601411, 1501265178.023668, 1501265467.668285, 1501265753.013602, 1501266016.327493, 1501266304.91369, 1501266576.60466, 1501266855.709212, 1501267095.885467, 1501267325.790587, 1501267574.816895, 1501267810.493094, 1501268078.278649, 1501268324.965082, 1501268572.280449, 1501268855.598911, 1501269121.470055, 1501269413.877774, 1501269739.987951, 1501269982.000467, 1501270237.781393, 1501270490.378057, 1501270766.053748, 1501271027.127678, 1501271286.692012, 1501271642.110393, 1501271888.848084, 1501272134.051735, 1501272405.123818, 1501272686.080322, 1501272962.393287, 1501273238.673903, 1501273563.403214, 1501273866.330385, 1501274173.83602, 1501274485.181386, 1501274740.4763, 1501274991.014862, 1501275225.520096, 1501275629.167713, 1501275975.554754, 1501276227.327659, 1501276507.669817, 1501276780.25391, 1501277047.49418, 1501277304.670907, 1501277690.452725, 1501277970.046655, 1501278239.135477, 1501278501.074574, 1501278731.605693, 1501279026.757608, 1501279283.14045, 1501279713.886632, 1501279937.704384, 1501280194.668096, 1501280442.950846, 1501280689.506462, 1501280981.107781, 1501281215.746076, 1501281501.680706, 1501282002.411665, 1501282276.06738, 1501282516.81081, 1501282764.8475, 1501283066.658687, 1501283333.067537, 1501283624.587126, 1501284183.79041, 1501284423.670931, 1501284670.452055, 1501285021.659874, 1501285264.568673, 1501285563.104928, 1501285811.378212, 1501286375.924118, 1501286611.033367, 1501286859.5808, 1501287098.549996, 1501287349.742333, 1501287638.744103, 1501287887.703839, 1501288145.539627, 1501288697.164468, 1501288972.651801, 1501289264.426823, 1501289523.72824, 1501289764.464041, 1501290021.995117, 1501290253.786213, 1501290558.49309, 1501291201.344839, 1501291517.070078, 1501291758.250154, 1501292076.80971, 1501292342.695357, 1501292590.256373, 1501292856.519052, 1501293443.73111, 1501293752.122381, 1501293997.851256, 1501294279.858082, 1501294555.769941, 1501294845.991056, 1501295187.247254, 1501295832.179448, 1501296139.308501, 1501296490.288847, 1501296769.21787, 1501297065.375092, 1501297291.86146, 1501297584.54265, 1501298292.819579, 1501298533.482163, 1501298759.084087, 1501299062.377338, 1501299337.807089], "initial_reset_timestamp": 1501263465.055705, "episode_types": ["t", "t", "t", "t", "t", "t", "t", "t", "t", "t", "t", "t", "t", "t", "t", "t", "t", "t", "t", "t", "t", "t", "t", "t", "t", "t", "t", "t", "t", "t", "t", "t", "t", "t", "t", "t", "t", "t", "t", "t", "t", "t", "t", "t", "t", "t", "t", "t", "t", "t", "t", "t", "t", "t", "t", "t", "t", "t", "t", "t", "t", "t", "t", "t", "t", "t", "t", "t", "t", "t", "t", "t", "t", "t", "t", "t", "t", "t", "t", "t", "t", "t", "t", "t", "t", "t", "t", "t", "t", "t", "t", "t", "t", "t", "t", "t", "t", "t", "t", "t", "t", "t", "t", "t", "t", "t", "t", "t", "t", "t", "t", "t", "t", "t", "t", "t", "t", "t", "t", "t", "t", "t"], "episode_lengths": [1215, 1442, 1406, 1122, 1099, 1253, 1317, 1216, 1199, 1315, 1238, 1277, 1094, 1048, 1013, 1073, 1219, 1123, 1126, 1290, 1211, 1331, 1260, 1100, 1163, 1148, 1253, 1186, 1179, 1327, 1121, 1114, 1231, 1276, 1255, 1255, 1140, 1376, 1397, 1414, 1160, 1138, 1066, 1406, 1576, 1147, 1277, 1242, 1218, 1172, 1237, 1270, 1222, 1190, 1048, 1340, 1165, 1168, 1018, 1165, 1126, 1118, 1322, 1064, 1298, 1321, 1244, 1092, 1125, 1369, 1209, 1322, 1466, 1094, 1124, 1599, 1107, 1360, 1130, 1287, 1072, 1129, 1086, 1141, 1313, 1131, 1171, 1108, 1257, 1323, 1177, 1094, 1169, 1053, 1383, 1330, 1441, 1097, 1452, 1211, 1122, 1211, 1232, 1371, 1095, 1245, 1222, 1281, 1535, 1180, 1395, 1588, 1263, 1346, 1025, 1323, 1363, 1080, 1012, 1372, 1173], "episode_rewards": [-21.0, -20.0, -20.0, -20.0, -21.0, -20.0, -20.0, -21.0, -21.0, -20.0, -19.0, -20.0, -21.0, -21.0, -21.0, -21.0, -20.0, -20.0, -20.0, -20.0, -20.0, -20.0, -20.0, -21.0, -21.0, -21.0, -19.0, -21.0, -21.0, -19.0, -21.0, -20.0, -20.0, -20.0, -20.0, -20.0, -20.0, -21.0, -18.0, -20.0, -21.0, -21.0, -21.0, -18.0, -18.0, -21.0, -20.0, -20.0, -21.0, -20.0, -20.0, -19.0, -21.0, -21.0, -21.0, -19.0, -20.0, -20.0, -21.0, -21.0, -21.0, -20.0, -20.0, -21.0, -19.0, -20.0, -20.0, -21.0, -20.0, -19.0, -21.0, -19.0, -20.0, -21.0, -21.0, -18.0, -21.0, -20.0, -21.0, -19.0, -21.0, -20.0, -21.0, -21.0, -19.0, -20.0, -21.0, -21.0, -20.0, -21.0, -21.0, -21.0, -21.0, -21.0, -18.0, -19.0, -20.0, -21.0, -19.0, -20.0, -21.0, -21.0, -20.0, -20.0, -21.0, -21.0, -20.0, -20.0, -20.0, -21.0, -20.0, -18.0, -20.0, -19.0, -21.0, -18.0, -20.0, -21.0, -21.0, -19.0, -21.0]}