{"timestamps": [1501068407.788091, 1501068683.182158, 1501068913.51937, 1501069183.14512, 1501069419.620659, 1501069699.323905, 1501069994.18871, 1501070712.379305, 1501070989.412691, 1501071237.476806, 1501071474.58755, 1501071749.668167, 1501072010.605123, 1501072272.514686, 1501073040.176498, 1501073265.211602, 1501073548.778039, 1501073804.761399, 1501074046.107196, 1501074324.528312, 1501074570.903275, 1501075401.5292, 1501075673.068741], "initial_reset_timestamp": 1501068164.082515, "episode_types": ["t", "t", "t", "t", "t", "t", "t", "t", "t", "t", "t", "t", "t", "t", "t", "t", "t", "t", "t", "t", "t", "t", "t", "t"], "episode_lengths": [1119, 1261, 1052, 1238, 1086, 1283, 1355, 1181, 1264, 1132, 1085, 1260, 1194, 1201, 1325, 1022, 1277, 1159, 1097, 1268, 1123, 1060, 1226], "episode_rewards": [-20.0, -20.0, -21.0, -20.0, -21.0, -20.0, -19.0, -20.0, -20.0, -21.0, -21.0, -21.0, -20.0, -21.0, -19.0, -21.0, -20.0, -21.0, -21.0, -20.0, -20.0, -21.0, -20.0]}